"id","author","filename","dateexecuted","orderexecuted","exectype","md5sum","description","comments","tag","liquibase","contexts","labels","deployment_id"
"00000000000000",jhipster,config/liquibase/changelog/00000000000000_initial_schema.xml,2020-11-26 12:16:06,1,EXECUTED,"8:b8c27d9dc8db18b5de87cdb8c38a416b",createSequence sequenceName=sequence_generator,"",,"3.9.0",,,"6389366518"
"00000000000001",jhipster,config/liquibase/changelog/00000000000000_initial_schema.xml,2020-11-26 12:16:06,2,EXECUTED,"8:b107f5fb321c814b99b18c5c2623c5f1","createTable tableName=jhi_user; createTable tableName=jhi_authority; createTable tableName=jhi_user_authority; addPrimaryKey tableName=jhi_user_authority; addForeignKeyConstraint baseTableName=jhi_user_authority, constraintName=fk_authority_name, ...","",,"3.9.0",,,"6389366518"
"20201120113851-1",jhipster,config/liquibase/changelog/20201120113851_added_entity_Livre.xml,2020-11-26 12:16:06,3,EXECUTED,"8:3207e9a10f5b3d6a7cae7120112d76bd",createTable tableName=livre,"",,"3.9.0",,,"6389366518"
"20201120113851-1-relations",jhipster,config/liquibase/changelog/20201120113851_added_entity_Livre.xml,2020-11-26 12:16:06,4,EXECUTED,"8:d41d8cd98f00b204e9800998ecf8427e",empty,"",,"3.9.0",,,"6389366518"
"20201120113851-1-data",jhipster,config/liquibase/changelog/20201120113851_added_entity_Livre.xml,2020-11-26 12:16:06,5,EXECUTED,"8:39c43e9afc5b1b6e6af36e709aad3776",loadData tableName=livre,"",,"3.9.0",faker,,"6389366518"
"20201120113951-1",jhipster,config/liquibase/changelog/20201120113951_added_entity_Auteur.xml,2020-11-26 12:16:06,6,EXECUTED,"8:7dd35719d346ed36cd3124c626f181ee",createTable tableName=auteur,"",,"3.9.0",,,"6389366518"
"20201120113951-1-relations",jhipster,config/liquibase/changelog/20201120113951_added_entity_Auteur.xml,2020-11-26 12:16:06,7,EXECUTED,"8:3ed1a19949551bd394ce0726aa010a04",createTable tableName=auteur_livre; addPrimaryKey tableName=auteur_livre,"",,"3.9.0",,,"6389366518"
"20201120113951-1-data",jhipster,config/liquibase/changelog/20201120113951_added_entity_Auteur.xml,2020-11-26 12:16:07,8,EXECUTED,"8:dfabf7c93bd54167fa90deb99a43cb63",loadData tableName=auteur,"",,"3.9.0",faker,,"6389366518"
"20201120114051-1",jhipster,config/liquibase/changelog/20201120114051_added_entity_Emplacement.xml,2020-11-26 12:16:07,9,EXECUTED,"8:f9a04fd6fb9724f74c5676cc3d20c066",createTable tableName=emplacement,"",,"3.9.0",,,"6389366518"
"20201120114051-1-relations",jhipster,config/liquibase/changelog/20201120114051_added_entity_Emplacement.xml,2020-11-26 12:16:07,10,EXECUTED,"8:d41d8cd98f00b204e9800998ecf8427e",empty,"",,"3.9.0",,,"6389366518"
"20201120114051-1-data",jhipster,config/liquibase/changelog/20201120114051_added_entity_Emplacement.xml,2020-11-26 12:16:07,11,EXECUTED,"8:89d4472653668d8db3f09909fcf98fc3",loadData tableName=emplacement,"",,"3.9.0",faker,,"6389366518"
"20201120114151-1",jhipster,config/liquibase/changelog/20201120114151_added_entity_Theme.xml,2020-11-26 12:16:07,12,EXECUTED,"8:5c7d7d8b5ff00f8b63408c2695999d62",createTable tableName=theme,"",,"3.9.0",,,"6389366518"
"20201120114151-1-relations",jhipster,config/liquibase/changelog/20201120114151_added_entity_Theme.xml,2020-11-26 12:16:07,13,EXECUTED,"8:85e6fb4d5b37a11f3030e4b47a2835a2",createTable tableName=theme_livre; addPrimaryKey tableName=theme_livre,"",,"3.9.0",,,"6389366518"
"20201120114151-1-data",jhipster,config/liquibase/changelog/20201120114151_added_entity_Theme.xml,2020-11-26 12:16:07,14,EXECUTED,"8:227763e5171698c2686f8a60ca4314a7",loadData tableName=theme,"",,"3.9.0",faker,,"6389366518"
"20201120114251-1",jhipster,config/liquibase/changelog/20201120114251_added_entity_Exemplaire.xml,2020-11-26 12:16:07,15,EXECUTED,"8:22ec21a6ba99351aeda233d0c80921a8",createTable tableName=exemplaire,"",,"3.9.0",,,"6389366518"
"20201120114251-1-relations",jhipster,config/liquibase/changelog/20201120114251_added_entity_Exemplaire.xml,2020-11-26 12:16:07,16,EXECUTED,"8:d41d8cd98f00b204e9800998ecf8427e",empty,"",,"3.9.0",,,"6389366518"
"20201120114251-1-data",jhipster,config/liquibase/changelog/20201120114251_added_entity_Exemplaire.xml,2020-11-26 12:16:07,17,EXECUTED,"8:26ed02c1d111adceb78f4737330067d7",loadData tableName=exemplaire,"",,"3.9.0",faker,,"6389366518"
"20201120114351-1",jhipster,config/liquibase/changelog/20201120114351_added_entity_Emprunt.xml,2020-11-26 12:16:07,18,EXECUTED,"8:87ceb2ad49d32064780a85f43eacb97d",createTable tableName=emprunt,"",,"3.9.0",,,"6389366518"
"20201120114351-1-relations",jhipster,config/liquibase/changelog/20201120114351_added_entity_Emprunt.xml,2020-11-26 12:16:07,19,EXECUTED,"8:d41d8cd98f00b204e9800998ecf8427e",empty,"",,"3.9.0",,,"6389366518"
"20201120114351-1-data",jhipster,config/liquibase/changelog/20201120114351_added_entity_Emprunt.xml,2020-11-26 12:16:07,20,EXECUTED,"8:d4c3f1cb218863a990cacdd7898e0193",loadData tableName=emprunt,"",,"3.9.0",faker,,"6389366518"
"20201120113851-2",jhipster,config/liquibase/changelog/20201120113851_added_entity_constraints_Livre.xml,2020-11-26 12:16:07,21,EXECUTED,"8:7d053acc3c1053b7dad27c6ae65dfdbf","addForeignKeyConstraint baseTableName=livre, constraintName=fk_livre_emplacement_id, referencedTableName=emplacement","",,"3.9.0",,,"6389366518"
"20201120113951-2",jhipster,config/liquibase/changelog/20201120113951_added_entity_constraints_Auteur.xml,2020-11-26 12:16:07,22,EXECUTED,"8:d97991aaad60149eef3009f5999f3902","addForeignKeyConstraint baseTableName=auteur_livre, constraintName=fk_auteur_livre_auteur_id, referencedTableName=auteur; addForeignKeyConstraint baseTableName=auteur_livre, constraintName=fk_auteur_livre_livre_id, referencedTableName=livre","",,"3.9.0",,,"6389366518"
"20201120114151-2",jhipster,config/liquibase/changelog/20201120114151_added_entity_constraints_Theme.xml,2020-11-26 12:16:07,23,EXECUTED,"8:125574a420de1877a1e83f3dbe0ad68b","addForeignKeyConstraint baseTableName=theme_livre, constraintName=fk_theme_livre_theme_id, referencedTableName=theme; addForeignKeyConstraint baseTableName=theme_livre, constraintName=fk_theme_livre_livre_id, referencedTableName=livre","",,"3.9.0",,,"6389366518"
"20201120114251-2",jhipster,config/liquibase/changelog/20201120114251_added_entity_constraints_Exemplaire.xml,2020-11-26 12:16:07,24,EXECUTED,"8:ef2ddcd7e20875b63e3cc90237d67f42","addForeignKeyConstraint baseTableName=exemplaire, constraintName=fk_exemplaire_livre_id, referencedTableName=livre","",,"3.9.0",,,"6389366518"
"20201120114351-2",jhipster,config/liquibase/changelog/20201120114351_added_entity_constraints_Emprunt.xml,2020-11-26 12:16:07,25,EXECUTED,"8:8f2efb90981ba17f7e41e99a516606ce","addForeignKeyConstraint baseTableName=emprunt, constraintName=fk_emprunt_exemplaire_id, referencedTableName=exemplaire; addForeignKeyConstraint baseTableName=emprunt, constraintName=fk_emprunt_user_id, referencedTableName=jhi_user","",,"3.9.0",,,"6389366518"
